bullet_point,category,category_url,clickthrough_url,close_date,currency,funds_raised_amount,funds_raised_percent,image_url,is_indemand,is_pre_launch,is_promoted,is_proven,offered_by,open_date,perk_goal_percentage,perks_claimed,price_offered,price_retail,product_stage,project_id,project_type,source_url,tagline,tags,title
null,Music,/explore/music,/projects/sidwille-snyers,2015-05-16T23:59:59-07:00,GBP,38,0.038,"https://c1.iggcdn.com/indiegogo-media-prod-cld/image/upload/c_fill,f_auto,h_273,w_273/vwshpnhm1b5vlbxnomwb.jpg",FALSE,FALSE,FALSE,FALSE,null,2015-04-16T15:22:22-07:00,null,null,10,null,null,1228818,campaign,https://www.indiegogo.com/explore/all?project_timing=all&product_stage=all&sort=trending,Sidwille Snyers  conveys love and love lost in an emotionally honest way through song.,"[""other""]",Sidwille Snyers
null,Music,/explore/music,/projects/this-could-be-beautiful-a-festival-in-swansea,2015-05-15T23:59:59-07:00,GBP,393,0.0786,"https://c1.iggcdn.com/indiegogo-media-prod-cld/image/upload/c_fill,f_auto,h_273,w_273/bdszzo5cl54ggzrollgi.jpg",FALSE,FALSE,FALSE,FALSE,null,2015-04-15T03:06:31-07:00,null,null,6,null,null,1226530,campaign,https://www.indiegogo.com/explore/all?project_timing=all&product_stage=all&sort=trending,This could be beautiful... with a bit of work (which is why we need you),"[""other""]",This Could Be Beautiful - A Festival in Swansea
null,Music,/explore/music,/projects/summer-band-camp-for-jj-s-kids-music-school,2015-06-15T23:59:59-07:00,USD,150,0.009433962,"https://c1.iggcdn.com/indiegogo-media-prod-cld/image/upload/c_fill,f_auto,h_273,w_273/x3vym0bjjmczlwfk2u9e.jpg",FALSE,FALSE,FALSE,FALSE,null,2015-04-16T10:43:31-07:00,null,null,10,null,null,1226883,campaign,https://www.indiegogo.com/explore/all?project_timing=all&product_stage=all&sort=trending,"Help 35 students from Mobile, Alabama, attend band camp at Grambling State University!","[""other""]",Summer Band Camp for JJ's Kids Music School
null,Music,/explore/music,/projects/justice-for-marvin,2015-07-19T23:59:59-07:00,USD,1195,0.159333333,"https://c1.iggcdn.com/indiegogo-media-prod-cld/image/upload/c_fill,f_auto,h_273,w_273/rmknmdex3ojk0p2jrme7.jpg",FALSE,FALSE,FALSE,FALSE,null,2015-06-19T10:35:51-07:00,null,null,null,null,null,1315077,campaign,https://www.indiegogo.com/explore/all?project_timing=all&product_stage=all&sort=trending,"Justice [juhs-tis] ""Just behavior or treatment, the quality of being fair and reasonable""","[""other""]",Justice For Marvin
null,Music,/explore/music,/projects/usc-choristers-goes-to-china,2015-09-15T23:59:59-07:00,USD,225,0.01125,"https://c1.iggcdn.com/indiegogo-media-prod-cld/image/upload/c_fill,f_auto,h_273,w_273/ozibhqzvc4zoi5cqzpig.jpg",FALSE,FALSE,FALSE,FALSE,null,2015-07-17T00:46:12-07:00,null,null,10,null,null,1335531,campaign,https://www.indiegogo.com/explore/all?project_timing=all&product_stage=all&sort=trending,USC CHORISTERS IN CHINA,"[""other""]",USC CHORISTERS GOES TO CHINA
null,Music,/explore/music,/projects/almost-july-s-new-ep,2015-08-12T23:59:59-07:00,USD,180,0.032727273,"https://c1.iggcdn.com/indiegogo-media-prod-cld/image/upload/c_fill,f_auto,h_273,w_273/lhppopw2u5hocigbmoyq.jpg",FALSE,FALSE,FALSE,FALSE,null,2015-06-13T14:33:54-07:00,null,null,5,null,null,1271698,campaign,https://www.indiegogo.com/explore/all?project_timing=all&product_stage=all&sort=trending,A new EP for the fans we love!,"[""other""]",Almost July's New EP!
null,Music,/explore/music,/projects/jordan-hart-body-language-video-shoot,2015-08-22T23:59:59-07:00,CAD,205,0.0082,"https://c1.iggcdn.com/indiegogo-media-prod-cld/image/upload/c_fill,f_auto,h_273,w_273/vam3dvvdfsotov8ajovi.jpg",FALSE,FALSE,FALSE,FALSE,null,2015-07-08T15:59:51-07:00,null,null,3,null,null,1345223,campaign,https://www.indiegogo.com/explore/all?project_timing=all&product_stage=all&sort=trending,"Jordan Hart is producing his first full-length music video for ""Body Language"", his first single.","[""other""]",Jordan Hart - Body Language Video Shoot
null,Music,/explore/music,/projects/strahan-the-good-neighbors-an-american-band,2015-07-29T23:59:59-07:00,USD,4435,0.295666667,"https://c1.iggcdn.com/indiegogo-media-prod-cld/image/upload/c_fill,f_auto,h_273,w_273/q0ebdtqmkt3vwlnmez2j.jpg",FALSE,FALSE,FALSE,FALSE,null,2015-05-30T23:13:41-07:00,null,null,300,null,null,1268739,campaign,https://www.indiegogo.com/explore/all?project_timing=all&product_stage=all&sort=trending,"Make your mama proud, quit your day job.","[""other""]",Strahan & The Good Neighbors:   An American Band
null,Music,/explore/music,/projects/napa-music-festival-baritone-on-call,2015-06-20T23:59:59-07:00,USD,285,0.095,"https://c1.iggcdn.com/indiegogo-media-prod-cld/image/upload/c_fill,f_auto,h_273,w_273/jebbquqyn4ig487gwpra.jpg",FALSE,FALSE,FALSE,FALSE,null,2015-05-31T18:53:47-07:00,null,null,25,null,null,1290274,campaign,https://www.indiegogo.com/explore/all?project_timing=all&product_stage=all&sort=trending,"Young Baritone from Rochester, NY looking to defer cost for travel/tuition to Napa Music Festival","[""other""]",Napa Music Festival- Baritone On Call
null,Music,/explore/music,/projects/cso-funds-4-community-stage-at-party-in-the-park,2015-07-16T23:59:59-07:00,CAD,260,0.52,"https://c1.iggcdn.com/indiegogo-media-prod-cld/image/upload/c_fill,f_auto,h_273,w_273/lrkluuqckbvxgy3vl6ou.jpg",FALSE,FALSE,FALSE,FALSE,null,2015-06-16T22:31:23-07:00,null,null,74,null,null,1311155,campaign,https://www.indiegogo.com/explore/all?project_timing=all&product_stage=all&sort=trending,"Support LIVE music, support the ARTS~","[""other""]",CSO funds 4 Community Stage at Party in the Park!
null,Music,/explore/music,/projects/heroes-turn-human-ep-2-part-2,2015-07-16T23:59:59-07:00,USD,450,0.225,"https://c1.iggcdn.com/indiegogo-media-prod-cld/image/upload/c_fill,f_auto,h_273,w_273/kw3iw5xwmjm0rwy7l56z.jpg",FALSE,FALSE,FALSE,FALSE,null,2015-06-16T13:42:38-07:00,null,null,20,null,null,1311360,campaign,https://www.indiegogo.com/explore/all?project_timing=all&product_stage=all&sort=trending,Please help us find our new album!,"[""other""]","Heroes Turn Human EP 2, part 2"
null,Music,/explore/music,/projects/swamp-donkeys-summer-tour-2015,2015-06-26T23:59:59-07:00,USD,2486,0.073117647,"https://c1.iggcdn.com/indiegogo-media-prod-cld/image/upload/c_fill,f_auto,h_273,w_273/od6n7dora5klyhtch7tr.jpg",FALSE,FALSE,FALSE,FALSE,null,2015-05-27T11:58:50-07:00,null,null,12,null,null,1261026,campaign,https://www.indiegogo.com/explore/all?project_timing=all&product_stage=all&sort=trending,One New Orleans Traditional Jass Band crosses the US+Europe... plus a NEW album with Alia Shawkat!!!,"[""other""]",Swamp Donkeys Summer Tour 2015
null,Music,/explore/music,/projects/judy-haines-chasing-trains-cd-release,2015-07-19T23:59:59-07:00,USD,2270,0.5675,"https://c1.iggcdn.com/indiegogo-media-prod-cld/image/upload/c_fill,f_auto,h_273,w_273/ojoo2z2hbwybfgpqjs1y.jpg",FALSE,FALSE,FALSE,FALSE,null,2015-06-04T07:12:42-07:00,null,null,15,null,null,1272505,campaign,https://www.indiegogo.com/explore/all?project_timing=all&product_stage=all&sort=trending,"A singer/songwriter with a unique sound, rocking on the piano with bass and drums to compliment.","[""other""]","Judy Haines, Chasing Trains CD Release"
null,Music,/explore/music,/projects/newport-vermont-jazz-festival-2015-august-7-8-9,2015-08-01T23:59:59-07:00,USD,500,0.033333333,"https://c1.iggcdn.com/indiegogo-media-prod-cld/image/upload/c_fill,f_auto,h_273,w_273/rqjdoxac8pst75nvanpf.jpg",FALSE,FALSE,FALSE,FALSE,null,2015-06-02T07:43:23-07:00,null,null,25,null,null,1283697,campaign,https://www.indiegogo.com/explore/all?project_timing=all&product_stage=all&sort=trending,"Promoting and celebrating music in the Northeast Kingdom this August 7, 8 & 9!","[""other""]","Newport Vermont Jazz Festival 2015-August 7, 8 & 9"
null,Music,/explore/music,/projects/not-half-bad-s-stolen-stuff-fund,2015-07-24T23:59:59-07:00,USD,2052,0.684,"https://c1.iggcdn.com/indiegogo-media-prod-cld/image/upload/c_fill,f_auto,h_273,w_273/yogkzblzo09qgsxtgryl.jpg",FALSE,FALSE,FALSE,FALSE,null,2015-05-25T09:28:52-07:00,null,null,5,null,null,1281562,campaign,https://www.indiegogo.com/explore/all?project_timing=all&product_stage=all&sort=trending,Tour is awesome. Until someone breaks into your van.,"[""other""]",Not Half Bad's Stolen Stuff Fund!
null,Music,/explore/music,/projects/grabacion-de-los-primeros-temas-de-la-resistencia,2015-08-02T23:59:59-07:00,USD,33,0.009428571,"https://c1.iggcdn.com/indiegogo-media-prod-cld/image/upload/c_fill,f_auto,h_273,w_273/zlbmmrfg313kfxoe6fgy.jpg",FALSE,FALSE,FALSE,FALSE,null,2015-06-23T20:09:15-07:00,null,null,2,null,null,1320737,campaign,https://www.indiegogo.com/explore/all?project_timing=all&product_stage=all&sort=trending,Somos la orquesta que toca salsa gorda sin flitro alguno y necesitamos tu ayuda para poder grabar.,"[""other""]",GrabaciÃ³n  de los primeros temas de La Resistencia
null,Music,/explore/music,/projects/liminal-divide-sunrise,2015-09-06T23:59:59-07:00,CAD,878,0.292666667,"https://c1.iggcdn.com/indiegogo-media-prod-cld/image/upload/c_fill,f_auto,h_273,w_273/zhphnxssmdkihn8mq0wa.jpg",FALSE,FALSE,FALSE,FALSE,null,2015-07-23T09:56:23-07:00,null,null,3,null,null,1010161,campaign,https://www.indiegogo.com/explore/all?project_timing=all&product_stage=all&sort=trending,Liminal Divide's debut of art rock fusion; re-imagining what modern music can be.,"[""other""]",Liminal Divide -Sunrise
null,Music,/explore/music,/projects/music-importer-new-online-import-music-store,2015-06-02T23:59:59-07:00,USD,310,0.0124,"https://c1.iggcdn.com/indiegogo-media-prod-cld/image/upload/c_fill,f_auto,h_273,w_273/pudrugbao8lr4labblvu.jpg",FALSE,FALSE,FALSE,FALSE,null,2015-04-03T12:35:58-07:00,null,null,3,null,null,1071210,campaign,https://www.indiegogo.com/explore/all?project_timing=all&product_stage=all&sort=trending,An AMAZING NEW Import Music Store Experience!  RARE Import Music delivered to your door FAST!,"[""other""]",Music Importer: NEW Online Import Music Store
null,Music,/explore/music,/projects/book-funding,2018-03-26T23:59:59-07:00,GBP,949,0.112667696,"https://c1.iggcdn.com/indiegogo-media-prod-cld/image/upload/c_fill,f_auto,h_273,w_273/pdw9hdzw1qqs2lzqvsso.jpg",FALSE,FALSE,FALSE,FALSE,null,2018-01-25T07:21:28-08:00,null,null,null,null,null,2327099,campaign,https://www.indiegogo.com/explore/all?project_timing=all&product_stage=all&sort=trending,Book for musos,"[""books""]",Book funding
null,Music,/explore/music,/projects/keri-stewart-s-debut-studio-album,2018-08-30T23:59:59-07:00,USD,4860,0.54,"https://c1.iggcdn.com/indiegogo-media-prod-cld/image/upload/c_fill,f_auto,h_273,w_273/che9acnfakr6ifigahxb.jpg",FALSE,FALSE,FALSE,FALSE,null,2018-07-25T06:51:30-07:00,null,null,10,null,null,2368166,campaign,https://www.indiegogo.com/explore/all?project_timing=all&product_stage=all&sort=trending,Help me fund my first professional album with Producer Bryan Fennelly at Plaid Dog Recording!,"[""album"",""recording"",""music video"",""band"",""guitars""]",Keri Stewart's Debut Studio Album
null,Music,/explore/music,/projects/names-without-numbers-new-music-2018,2018-06-24T23:59:59-07:00,USD,560,0.056,"https://c1.iggcdn.com/indiegogo-media-prod-cld/image/upload/c_fill,f_auto,h_273,w_273/cp3nw754zi2rh08d8zwf.jpg",FALSE,FALSE,FALSE,FALSE,null,2018-05-21T07:52:31-07:00,null,null,75,null,null,2365608,campaign,https://www.indiegogo.com/explore/all?project_timing=all&product_stage=all&sort=trending,NAMES WITHOUT NUMBERS is back with a bold passion to deliver new music to your ears.,"[""rock"",""recording"",""indie"",""album"",""band""]",NAMES WITHOUT NUMBERS - NEW MUSIC 2018
null,Music,/explore/music,/projects/kim-o-leary-new-album-completed,2018-05-31T23:59:59-07:00,AUD,2493,0.1662,"https://c1.iggcdn.com/indiegogo-media-prod-cld/image/upload/c_fill,f_auto,h_273,w_273/xduvhme8gbqe1i3jknal.jpg",FALSE,FALSE,FALSE,FALSE,null,2018-04-18T23:55:49-07:00,null,null,23,null,null,2337343,campaign,https://www.indiegogo.com/explore/all?project_timing=all&product_stage=all&sort=trending,New Album now available at www.kimoleary.com,"[""other""]",Kim O'Leary - New Album Completed
null,Music,/explore/music,/projects/music-video-for-forever-fifteen-by-closure,2018-05-12T23:59:59-07:00,USD,795,0.19875,"https://c1.iggcdn.com/indiegogo-media-prod-cld/image/upload/c_fill,f_auto,h_273,w_273/zghkwxifxwofrwuqat67.jpg",FALSE,FALSE,FALSE,FALSE,null,2018-03-13T09:25:16-07:00,null,null,5,null,null,2349266,campaign,https://www.indiegogo.com/explore/all?project_timing=all&product_stage=all&sort=trending,"Donations will  fund the shooting of our soon to be released music video, â€œForever Fifteen!â€?","[""other""]",Music Video for â€œForever Fifteenâ€? by Closure
null,Music,/explore/music,/projects/toni-s-first-album-it-s-never-too-late,2018-06-23T23:59:59-07:00,USD,504,0.059294118,"https://c1.iggcdn.com/indiegogo-media-prod-cld/image/upload/c_fill,f_auto,h_273,w_273/cqbxp66draz4kltc1ahu.jpg",FALSE,FALSE,FALSE,FALSE,null,2018-04-24T13:09:57-07:00,null,null,5,null,null,2361219,campaign,https://www.indiegogo.com/explore/all?project_timing=all&product_stage=all&sort=trending,"I stand for the dreamers and game changers! My musical message is hope, inspiration and expression!","[""music video"",""recording"",""album""]",Toni's First Album: It's Never Too Late!
null,Music,/explore/music,/projects/the-vaureen-dream-our-first-lp,2018-07-31T23:59:59-07:00,USD,4050,0.405,"https://c1.iggcdn.com/indiegogo-media-prod-cld/image/upload/c_fill,f_auto,h_273,w_273/g1hknp3zuqnipb3ewubw.jpg",FALSE,FALSE,FALSE,FALSE,null,2018-06-04T05:36:10-07:00,null,null,50,null,null,2356514,campaign,https://www.indiegogo.com/explore/all?project_timing=all&product_stage=all&sort=trending,"Help Vaureen give our album, ""Extraterra"" the debut it deserves!","[""album"",""band"",""female founders"",""rock"",""recording""]",The Vaureen Dream: Our First LP!
null,Music,/explore/music,/projects/help-launch-the-next-ether-park-ep,2018-09-08T23:59:59-07:00,USD,415,0.166,"https://c1.iggcdn.com/indiegogo-media-prod-cld/image/upload/c_fill,f_auto,h_273,w_273/nkt4keqidd9oj4w2p5fi.jpg",FALSE,FALSE,FALSE,FALSE,null,2018-07-10T14:51:39-07:00,null,null,12,null,null,2363880,campaign,https://www.indiegogo.com/explore/all?project_timing=all&product_stage=all&sort=trending,"We need just $2500 for liftoff to launch indie rock EP, ""Happy Landings'""!","[""album"",""band"",""recording""]",Help launch the next Ether Park EP!
null,Music,/explore/music,/projects/lullaby-project,2017-09-10T23:59:59-07:00,USD,478,0.073538462,"https://c1.iggcdn.com/indiegogo-media-prod-cld/image/upload/c_fill,f_auto,h_273,w_273/cvdxmpmdcssmlk97kjyd.jpg",FALSE,FALSE,FALSE,FALSE,null,2017-08-01T11:19:13-07:00,null,null,12,null,null,2176492,campaign,https://www.indiegogo.com/explore/all?project_timing=all&product_stage=all&sort=trending,"Lullabies from around the world, from the middle ages to now.","[""guitars""]",Lullaby Project
null,Music,/explore/music,/projects/it-s-all-a-beautiful-noise--2,2017-12-22T23:59:59-08:00,USD,8573,0.024494286,"https://c1.iggcdn.com/indiegogo-media-prod-cld/image/upload/c_fill,f_auto,h_273,w_273/b4s5ria6eb9pmb8tjcfr.jpg",FALSE,FALSE,FALSE,FALSE,null,2017-11-22T16:17:04-08:00,null,null,25,null,null,2271206,campaign,https://www.indiegogo.com/explore/all?project_timing=all&product_stage=all&sort=trending,A Mind Blowing Music Driven 3D Mapping Animated Show Inspiring Support for Our little Bee friends,"[""other""]",It's All a Beautiful Noise
null,Music,/explore/music,/projects/my-very-first-single-move,2017-12-20T23:59:59-08:00,USD,434,0.149655172,"https://c1.iggcdn.com/indiegogo-media-prod-cld/image/upload/c_fill,f_auto,h_273,w_273/foytvjmcolj9ogmrgq5f.jpg",FALSE,FALSE,FALSE,FALSE,null,2017-11-20T17:43:16-08:00,null,null,60,null,null,2269260,campaign,https://www.indiegogo.com/explore/all?project_timing=all&product_stage=all&sort=trending,"Hey Friends, I wrote a beautiful song that I'd love to record professionally and share with y'all.","[""social innovations""]",MY VERY FIRST SINGLE - MoVE
null,Music,/explore/music,/projects/hunter-and-gathering-first-album,2018-11-08T23:59:59-08:00,USD,685,0.3425,"https://c1.iggcdn.com/indiegogo-media-prod-cld/image/upload/c_fill,f_auto,h_273,w_273/xmizlzorzx4ae15rm0xb.jpg",FALSE,FALSE,FALSE,FALSE,null,2018-10-04T00:00:00-07:00,null,null,10,null,null,2422087,campaign,https://www.indiegogo.com/explore/all?project_timing=all&product_stage=all&sort=trending,"Meant for dancing, healing, crying, laughing, jamming, and loving. Promoting Love and Community.","[""album"",""recording""]","Hunter and Gathering, First Album"
null,Music,/explore/music,/projects/pre-purchase-anna-beaden-s-3rd-ep--2,2018-11-26T23:59:59-08:00,AUD,410,0.136666667,"https://c1.iggcdn.com/indiegogo-media-prod-cld/image/upload/c_fill,f_auto,h_273,w_273/ppmrnx738xly82b3fifp.jpg",FALSE,FALSE,FALSE,FALSE,null,2018-09-27T00:00:00-07:00,null,null,3,null,null,2420940,campaign,https://www.indiegogo.com/explore/all?project_timing=all&product_stage=all&sort=trending,WOOHOO! God has been inspiring many songs in my soul the last few years and it's time to share them!,"[""album"",""community"",""love""]",Pre-purchase Anna Beaden's 3rd EP
null,Music,/explore/music,/projects/the-string-revolution-takes-over-the-guitar--2,2019-03-13T23:59:59-07:00,USD,2404,0.343428571,"https://c1.iggcdn.com/indiegogo-media-prod-cld/image/upload/c_fill,f_auto,h_273,w_273/wwjxrse7ixwdituaf2iw.jpg",FALSE,FALSE,FALSE,FALSE,null,2019-01-12T00:00:00-08:00,null,null,10,null,null,2420965,campaign,https://www.indiegogo.com/explore/all?project_timing=all&product_stage=all&sort=trending,"The String Revolution's ""Red Drops"" CD Promotion Campaign","[""guitars"",""professional"",""music video"",""recording"",""rock""]",The String Revolution Takes Over The Guitar!
null,Music,/explore/music,/projects/ask-my-bull-s-debut-album,2019-04-02T23:59:59-07:00,GBP,3143,0.392875,"https://c1.iggcdn.com/indiegogo-media-prod-cld/image/upload/c_fill,f_auto,h_273,w_273/aso9gzl9k0ys1djcrndw.jpg",FALSE,FALSE,FALSE,FALSE,null,2019-03-03T00:00:00-08:00,null,null,63,null,null,2468739,campaign,https://www.indiegogo.com/explore/all?project_timing=all&product_stage=all&sort=trending,Bringing a new musical creature to life.,"[""jazz"",""album"",""rock"",""band"",""other""]",Ask My Bull's Debut Album
null,Music,/explore/music,/projects/a-debut-album-from-march,2019-09-17T23:59:59-07:00,GBP,2951,0.5902,"https://c1.iggcdn.com/indiegogo-media-prod-cld/image/upload/c_fill,f_auto,h_273,w_273/attv2mnippjeypmcssfq.jpg",FALSE,FALSE,FALSE,FALSE,null,2019-07-19T00:00:00-07:00,null,null,2,null,null,2483938,campaign,https://www.indiegogo.com/explore/all?project_timing=all&product_stage=all&sort=trending,"Help me record my album, (working title 'All of the Above') in return for a variety of goodies!","[""album"",""recording"",""students"",""band"",""female founders""]",A debut album from March
null,Music,/explore/music,/projects/the-world-is-going-to-change-maga-urdaneta-s-lp,2019-06-20T23:59:59-07:00,USD,152,0.050666667,"https://c1.iggcdn.com/indiegogo-media-prod-cld/image/upload/c_fill,f_auto,h_273,w_273/koraaw6gyzgdatztvjgf.jpg",FALSE,FALSE,FALSE,FALSE,null,2019-04-21T00:00:00-07:00,null,null,1,null,null,2489258,campaign,https://www.indiegogo.com/explore/all?project_timing=all&product_stage=all&sort=trending,"Mi 1er Ã¡lbum solista Â¡ayÃºdame a hacerlo realidad! - My first album as a solo singer, make it happen!","[""album"",""jazz"",""recording"",""indie"",""love""]",The World is Going to Change - Maga Urdaneta's LP
null,Music,/explore/music,/projects/nate-jones-inspiring-peace-and-joy-through-music,2019-10-18T23:59:59-07:00,USD,319,0.042533333,"https://c1.iggcdn.com/indiegogo-media-prod-cld/image/upload/c_fill,f_auto,h_273,w_273/bik7nmsrxyae5ui3ol7g.jpg",FALSE,FALSE,FALSE,FALSE,null,2019-08-19T00:00:00-07:00,null,null,15,null,null,2510532,campaign,https://www.indiegogo.com/explore/all?project_timing=all&product_stage=all&sort=trending,"Be part of giving the world what it needs through messages of love, positivity and real rock'n'roll!","[""band"",""album"",""rock"",""music video"",""vegan""]",Nate Jones : Inspiring Peace and Joy through Music
null,Music,/explore/music,/projects/telltale-heart-a-new-album-by-caitelen,2019-09-17T23:59:59-07:00,USD,3025,0.121,"https://c1.iggcdn.com/indiegogo-media-prod-cld/image/upload/c_fill,f_auto,h_273,w_273/t0ntvul8pba42womjmmp.jpg",FALSE,FALSE,FALSE,FALSE,null,2019-07-19T00:00:00-07:00,null,null,5,null,null,2512129,campaign,https://www.indiegogo.com/explore/all?project_timing=all&product_stage=all&sort=trending,New Original Music by singer-songwriter Caitelen Schneeberger is ready to be recorded and released!,"[""album"",""indie"",""recording""]",Telltale Heart - A New Album By Caitelen
null,Music,/explore/music,/projects/grave-robber-s-trilogy-of-terror--3,2019-08-14T23:59:59-07:00,USD,1445,0.206428571,"https://c1.iggcdn.com/indiegogo-media-prod-cld/image/upload/c_fill,f_auto,h_273,w_273/c3xokprae2kym3a8iee3.jpg",FALSE,FALSE,FALSE,FALSE,null,2019-06-15T00:00:00-07:00,null,null,50,null,null,2512674,campaign,https://www.indiegogo.com/explore/all?project_timing=all&product_stage=all&sort=trending,A terrifying trio of music videos shot by graduates of the George Romero and Tom Savini film school!,"[""music video"",""horror"",""short film"",""thriller""]",Grave Robber's Trilogy of Terror
null,Music,/explore/music,/projects/common-ground-voices,2019-08-25T23:59:59-07:00,EUR,435,0.145,"https://c1.iggcdn.com/indiegogo-media-prod-cld/image/upload/c_fill,f_auto,h_273,w_273/xqht2nxuegxhhah1tbsg.jpg",FALSE,FALSE,FALSE,FALSE,null,2019-06-26T00:00:00-07:00,null,null,1,null,null,2518662,campaign,https://www.indiegogo.com/explore/all?project_timing=all&product_stage=all&sort=trending,A peace building project that finds common ground between Israelis and Palestinians through music.,"[""community"",""love""]",Common Ground Voices
null,Music,/explore/music,/projects/reinventions-the-debut-choral-album,2019-10-06T23:59:59-07:00,USD,2334,0.666857143,"https://c1.iggcdn.com/indiegogo-media-prod-cld/image/upload/c_fill,f_auto,h_273,w_273/fqv389czlmnjfrcjiino.jpg",FALSE,FALSE,FALSE,FALSE,null,2019-08-22T00:00:00-07:00,null,null,5,null,null,2518675,campaign,https://www.indiegogo.com/explore/all?project_timing=all&product_stage=all&sort=trending,Help us fund a recorded album of classic pop songs reinterpreted through an ethereal choral lens.,"[""album"",""recording"",""professional""]","Reinventions, the debut choral album!"
null,Music,/explore/music,/projects/pinto-bennett-s-the-last-saturday-night,2019-01-16T23:59:59-08:00,USD,9752,0.9752,"https://c1.iggcdn.com/indiegogo-media-prod-cld/image/upload/c_fill,f_auto,h_273,w_273/edz0g99i3hkugcaqfgsb.jpg",FALSE,FALSE,FALSE,FALSE,null,2018-12-07T00:00:00-08:00,null,null,20,null,null,2444779,campaign,https://www.indiegogo.com/explore/all?project_timing=all&product_stage=all&sort=trending,This is Pinto's best forever yet. You want this record. Help us bring it on home.,"[""album"",""music video"",""guitars"",""recording"",""rock""]",Pinto Bennett's The Last Saturday Night
null,Music,/explore/music,/projects/citizen-cain-back-catalogue-on-digital-platforms,2019-02-18T23:59:59-08:00,GBP,207,0.414,"https://c1.iggcdn.com/indiegogo-media-prod-cld/image/upload/c_fill,f_auto,h_273,w_273/ytke6gg7wintlrnsk1ur.jpg",FALSE,FALSE,FALSE,FALSE,null,2019-02-04T00:00:00-08:00,null,null,10,null,null,2465729,campaign,https://www.indiegogo.com/explore/all?project_timing=all&product_stage=all&sort=trending,You can still contribute to the fundraiser using our paypal (send to: stewartdavidbell@gmail.com ),"[""band""]",Citizen Cain Back Catalogue on Digital Platforms
null,Music,/explore/music,/projects/new-album-hauntology,2019-04-27T23:59:59-07:00,GBP,267,0.121363636,"https://c1.iggcdn.com/indiegogo-media-prod-cld/image/upload/c_fill,f_auto,h_273,w_273/anwkqbvtwaro8iq3whex.jpg",FALSE,FALSE,FALSE,FALSE,null,2019-02-26T00:00:00-08:00,null,null,38,null,null,2474947,campaign,https://www.indiegogo.com/explore/all?project_timing=all&product_stage=all&sort=trending,Let's turn my live show into an unforgettable record,"[""album"",""indie""]",New Album - 'Hauntology'
null,Music,/explore/music,/projects/sassyblack-s-new-black-swing-tour,2017-09-05T23:59:59-07:00,USD,5920,0.592,"https://c1.iggcdn.com/indiegogo-media-prod-cld/image/upload/c_fill,f_auto,h_273,w_273/u7fgzojexqtpvm4wmjif.jpg",FALSE,FALSE,FALSE,FALSE,null,2017-08-21T09:50:59-07:00,null,null,5,null,null,2195355,campaign,https://www.indiegogo.com/explore/all?project_timing=all&product_stage=all&sort=trending,"I am heading out on tour supporting ""New Black Swing"" this fall and need your support!","[""other""]",SassyBlack's New Black Swing Tour
null,Music,/explore/music,/projects/voces-de-santa-rosa-world-music-debut-album,2018-02-07T23:59:59-08:00,USD,668,0.037111111,"https://c1.iggcdn.com/indiegogo-media-prod-cld/image/upload/c_fill,f_auto,h_273,w_273/ambzytllfrl2n1dvdhdu.jpg",FALSE,FALSE,FALSE,FALSE,null,2017-12-09T05:50:15-08:00,null,null,10,null,null,2291271,campaign,https://www.indiegogo.com/explore/all?project_timing=all&product_stage=all&sort=trending,Be a part of this recording project: the beautiful voices of Venezuelan aguinaldos.,"[""other""]",Voces de Santa Rosa: World Music debut album
null,Music,/explore/music,/projects/abendmusik-new-york-s-early-music-string-band--3,2017-10-19T23:59:59-07:00,USD,300,0.03,"https://c1.iggcdn.com/indiegogo-media-prod-cld/image/upload/c_fill,f_auto,h_273,w_273/ohwv7slf8agdxw4uxjba.jpg",FALSE,FALSE,FALSE,FALSE,null,2017-09-04T13:05:57-07:00,null,null,null,null,null,2204235,campaign,https://www.indiegogo.com/explore/all?project_timing=all&product_stage=all&sort=trending,Help Abendmusik raise the funds for its 2017-18 season and complete its William White recording!,"[""other""]",Abendmusik - New York's Early Music String Band
null,Music,/explore/music,/projects/don-t-let-the-moon-fool-you,2018-03-27T23:59:59-07:00,USD,1400,0.35,"https://c1.iggcdn.com/indiegogo-media-prod-cld/image/upload/c_fill,f_auto,h_273,w_273/xqfak5bjglhty0zc7p4x.jpg",FALSE,FALSE,FALSE,FALSE,null,2018-01-26T17:51:04-08:00,null,null,600,null,null,2209255,campaign,https://www.indiegogo.com/explore/all?project_timing=all&product_stage=all&sort=trending,"Creative, thoughtful and hopeful music for times of turmoil","[""tarot""]",Don't Let The Moon Fool You
null,Music,/explore/music,/projects/red-mesa-s-the-devil-and-the-desert-album,2018-01-13T23:59:59-08:00,USD,1607,0.40175,"https://c1.iggcdn.com/indiegogo-media-prod-cld/image/upload/c_fill,f_auto,h_273,w_273/kpjlohpu4wwoude5o86m.jpg",FALSE,FALSE,FALSE,FALSE,null,2017-12-04T09:41:35-08:00,null,null,25,null,null,2274729,campaign,https://www.indiegogo.com/explore/all?project_timing=all&product_stage=all&sort=trending,Vinyl Release Fundraiser,"[""other""]",Red Mesa's 'The Devil and The Desert' album
null,Music,/explore/music,/projects/goatsilk-keeplivemusicalive-sweepstakes,2018-01-20T23:59:59-08:00,USD,131,0.043666667,"https://c1.iggcdn.com/indiegogo-media-prod-cld/image/upload/c_fill,f_auto,h_273,w_273/r9mjkpit76xgw5ooxzbk.jpg",FALSE,FALSE,FALSE,FALSE,null,2018-01-05T05:23:44-08:00,null,null,1,null,null,2310334,campaign,https://www.indiegogo.com/explore/all?project_timing=all&product_stage=all&sort=trending,Goatsilk is heading into the studio to record a new single. One lucky fan gets to join the band!,"[""other""]",Goatsilk #keeplivemusicalive Sweepstakes
null,Home,/explore/home,/projects/vaarz-the-first-night-lamp-similar-to-the-moon,2015-05-31T23:59:59-07:00,USD,2241,0.04482,"https://c1.iggcdn.com/indiegogo-media-prod-cld/image/upload/c_fill,f_auto,h_273,w_273/xcm07oxnli1wymfukawy.jpg",FALSE,FALSE,FALSE,FALSE,null,2015-04-01T11:49:39-07:00,null,null,null,null,null,1194205,campaign,https://www.indiegogo.com/explore/all?project_timing=all&sort=trending,vaarz is the First  Night Lamp similar to the Earth's only natural satellite Moon.,"[""other""]",vaarz - The First  Night Lamp similar to the Moon
null,Home,/explore/home,/projects/1000-flowers-the-blue-collection,2015-11-16T23:59:59-08:00,EUR,2467,0.4934,"https://c1.iggcdn.com/indiegogo-media-prod-cld/image/upload/c_fill,f_auto,h_273,w_273/wpmdcluvuohattpzdzjh.jpg",FALSE,FALSE,FALSE,FALSE,null,2015-11-05T12:32:05-08:00,null,null,null,null,null,1516475,campaign,https://www.indiegogo.com/explore/all?project_timing=all&sort=trending,"Perfumes from the  Mediterranean- Plants, flowers, and sunshine.","[""other""]",1000 Flowers: The Blue Collection
null,Home,/explore/home,/projects/i6-the-first-home-security-robot-that-can-clean,2015-11-12T23:59:59-08:00,USD,5131,0.171033333,"https://c1.iggcdn.com/indiegogo-media-prod-cld/image/upload/c_fill,f_auto,h_273,w_273/svlavyfjrqowb6qcejra.jpg",FALSE,FALSE,FALSE,FALSE,null,2015-10-13T08:43:19-07:00,null,null,null,null,null,1395980,campaign,https://www.indiegogo.com/explore/all?project_timing=all&sort=trending,"The first home security robot helps you protect, connect, and clean your home.","[""students""]",I6. the first home security robot that can clean
null,Home,/explore/home,/projects/skynet-broadband-high-speed-wireless-internet,2015-07-24T23:59:59-07:00,USD,110,0.00044,"https://c1.iggcdn.com/indiegogo-media-prod-cld/image/upload/c_fill,f_auto,h_273,w_273/nvpxix2babkluu26tfem.jpg",FALSE,FALSE,FALSE,FALSE,null,2015-06-24T12:34:36-07:00,null,null,null,null,null,1321624,campaign,https://www.indiegogo.com/explore/all?project_timing=all&sort=trending,SkyNet utilizes â€œstate of the artâ€? equipment to provide high speed wireless internet up to 120Mbps.,"[""other""]",SkyNet Broadband High Speed Wireless Internet
null,Home,/explore/home,/projects/your-budhub-smell-proof-water-proof-air-tight,2015-11-04T23:59:59-08:00,USD,537,0.13425,"https://c1.iggcdn.com/indiegogo-media-prod-cld/image/upload/c_fill,f_auto,h_273,w_273/jjkrleevys1cn5bszgtp.jpg",FALSE,FALSE,FALSE,FALSE,null,2015-09-25T19:08:44-07:00,null,null,null,null,null,1406344,campaign,https://www.indiegogo.com/explore/all?project_timing=all&sort=trending,The New and Exciting Accessory to the Marijuana Marketplace! Smell/Water-Proof & it FLOATS,"[""other""]","Your BUDHUB! Smell-Proof, Water-Proof, Air-tight!"
null,Home,/explore/home,/projects/samplize-pre-painted-color-sample-decals,2017-03-03T23:59:59-08:00,USD,4375,0.4375,"https://c1.iggcdn.com/indiegogo-media-prod-cld/image/upload/c_fill,f_auto,h_273,w_273/y9ktvdes0rpplictejgv.jpg",FALSE,FALSE,FALSE,FALSE,null,2017-02-06T05:13:34-08:00,null,null,null,null,prototype,2030654,campaign,https://www.indiegogo.com/explore/all?project_timing=all&sort=trending,"Hand-painted color sample decals shipped within 24 hours.
samplize.com
http://samplize.com","[""other""]",Samplize: Pre-Painted Color Sample Decals
null,Home,/explore/home,/projects/elimifly-mosquito-killer,2017-05-03T23:59:59-07:00,USD,8162,0.544133333,"https://c1.iggcdn.com/indiegogo-media-prod-cld/image/upload/c_fill,f_auto,h_273,w_273/qmnwhotucclro2vm5axb.jpg",FALSE,FALSE,FALSE,FALSE,null,2017-03-04T12:51:14-08:00,null,null,null,null,production,2013440,campaign,https://www.indiegogo.com/explore/all?project_timing=all&sort=trending,Are you tired of mosquito traps that aren't effective? The eco-friendly ElimiFly is your solution.,"[""other""]",ELIMIFLY Mosquito Killer
null,Home,/explore/home,/projects/lumaelite-an-eye-caring-led-desk-table-lamp,2017-02-25T23:59:59-08:00,USD,60,0.0012,"https://c1.iggcdn.com/indiegogo-media-prod-cld/image/upload/c_fill,f_auto,h_273,w_273/gl0tdzzurjshg5cw6gre.jpg",FALSE,FALSE,FALSE,FALSE,null,2016-12-27T22:40:20-08:00,null,null,null,null,prototype,1973237,campaign,https://www.indiegogo.com/explore/all?project_timing=all&sort=trending,LUMAELITE - 4 Brightness & 4 Light Temperature Modes Modern Touch Lamps for Bedroom & Reading,"[""other""]",LUMAELITE - An Eye-caring LED Desk & Table Lamp
null,Home,/explore/home,/projects/garrdal-2-piece-pipe-boot,2017-03-05T23:59:59-08:00,USD,125,0.001923077,"https://c1.iggcdn.com/indiegogo-media-prod-cld/image/upload/c_fill,f_auto,h_273,w_273/cwyhpe1lg7jrn7war2y4.jpg",FALSE,FALSE,FALSE,FALSE,null,2017-01-18T16:31:35-08:00,null,null,null,null,concept,2003995,campaign,https://www.indiegogo.com/explore/all?project_timing=all&sort=trending,"Only $20,000 needed $5 at a time is fine!  Garrdal just graduated, had a baby,got married.","[""other""]",Garrdal 2 piece pipe boot
null,Home,/explore/home,/projects/tuck-in-nightstand,2018-05-03T23:59:59-07:00,USD,299,0.299,"https://c1.iggcdn.com/indiegogo-media-prod-cld/image/upload/c_fill,f_auto,h_273,w_273/omsste0pfffcdpbgjvxj.jpg",FALSE,FALSE,FALSE,FALSE,null,2018-04-03T07:04:10-07:00,null,null,null,null,null,2344459,campaign,https://www.indiegogo.com/explore/all?project_timing=all&sort=trending,"The new, revolutionary way to organize your bed/couch area. Made in USA!","[""chargers"",""beds"",""smart phones"",""furniture"",""sleep""]",Tuck-In Nightstand
null,Home,/explore/home,/projects/chairglo-led-lights-for-a-safer-night,2016-10-28T23:59:59-07:00,USD,2356,0.157066667,"https://c1.iggcdn.com/indiegogo-media-prod-cld/image/upload/c_fill,f_auto,h_273,w_273/qosutsuwg7esru1gjpae.jpg",FALSE,FALSE,FALSE,FALSE,null,2016-09-26T21:08:45-07:00,null,null,null,null,prototype,1886166,campaign,https://www.indiegogo.com/explore/all?project_timing=all&sort=trending,Help give the gift of light with ChairGLO! Press BACK IT or GET THE PERK!,"[""bluetooth""]",ChairGLO: LED Lights for a Safer Night
null,Home,/explore/home,/projects/nutra-simple-elegant-humidifier-aroma-diffuser,2016-02-24T23:59:59-08:00,USD,381,0.01905,"https://c1.iggcdn.com/indiegogo-media-prod-cld/image/upload/c_fill,f_auto,h_273,w_273/hoa2jid91qpj1r4ulvw8.jpg",FALSE,FALSE,FALSE,FALSE,null,2015-12-26T15:21:56-08:00,null,null,null,null,null,1582519,campaign,https://www.indiegogo.com/explore/all?project_timing=all&sort=trending,"Nutra - Elegantly Designed & Simple To Use, Multifunctional Aroma Diffuser & Humidifier","[""design""]","Nutra -Simple, Elegant Humidifier & Aroma Diffuser"
null,Home,/explore/home,/projects/package-vault,2020-09-16T23:59:59-07:00,USD,143,0.0017875,"https://c1.iggcdn.com/indiegogo-media-prod-cld/image/upload/c_fill,f_auto,h_273,w_273/atcm0ho2bpts9c9qk9m4.jpg",FALSE,FALSE,FALSE,FALSE,null,2020-07-18T00:00:00-07:00,null,null,null,null,null,2616273,campaign,https://www.indiegogo.com/explore/all?project_timing=all&sort=trending,"Contactless Delivery & PickUp Solution
Keeping your Packages Safe","[""apps"",""bluetooth"",""female founders"",""smart home"",""wireless""]",Package Vault
null,Home,/explore/home,/projects/blacksor-plug-and-play-router-security-system,2020-12-03T23:59:59-08:00,EUR,2136,0.2136,"https://c1.iggcdn.com/indiegogo-media-prod-cld/image/upload/c_fill,f_auto,h_273,w_273/hafxqkm9a7eouftoc3sb.jpg",FALSE,FALSE,FALSE,FALSE,null,2020-10-04T00:00:00-07:00,null,null,null,null,shipping,2619046,campaign,https://www.indiegogo.com/explore/all?project_timing=all&sort=trending,"Protect Your Family & Friends with BlackSor, a Software that's directly installed to your network.","[""software"",""safety"",""security"",""pc"",""websites""]",BlackSor - Plug and Play Router Security System
null,Home,/explore/home,/projects/4-in-1-cast-iron-cooking-system,2021-04-30T23:59:59-07:00,CHF,107508,11.15391211,"https://c1.iggcdn.com/indiegogo-media-prod-cld/image/upload/c_fill,f_auto,h_273,w_273/ogbnnsoypz7qh7r6qoek.jpg",TRUE,FALSE,FALSE,FALSE,null,2021-04-29T23:59:59-07:00,null,null,null,null,null,2672168,campaign,https://www.indiegogo.com/explore/all?project_timing=all&sort=trending,The Food Lover Cooking System: 4 In 1 Cast Iron Pot Built To Last,"[""kitchen"",""food"",""love""]",4 In 1 Cast Iron Cooking System
null,Home,/explore/home,/projects/maxxwasher-pro-the-revolutionary-kitchen-washer--2,2022-05-03T23:59:59-07:00,HKD,833370,19.9638,"https://c1.iggcdn.com/indiegogo-media-prod-cld/image/upload/c_fill,f_auto,h_273,w_273/oeead9wn3f5l0lggneep.jpg",TRUE,FALSE,FALSE,FALSE,null,2022-05-02T23:59:59-07:00,null,null,null,null,null,2752316,campaign,https://www.indiegogo.com/explore/all?project_timing=all&sort=trending,400W Ultrasonic I MAXXcatalyst I Fast Cleaning I Water Saving I Pesticides Removal I Chemical Free,"[""food"",""kitchen"",""bottles"",""design"",""knives""]",MAXXwasher Pro - The Revolutionary Kitchen Washer
null,Home,/explore/home,/projects/the-core-cooker,2022-04-16T23:59:59-07:00,USD,355,0.005071429,"https://c1.iggcdn.com/indiegogo-media-prod-cld/image/upload/c_fill,f_auto,h_273,w_273/hid1stctw9obkahvcrte.jpg",FALSE,FALSE,FALSE,FALSE,null,2022-02-15T00:00:00-08:00,null,null,null,null,null,2702336,campaign,https://www.indiegogo.com/explore/all?project_timing=all&sort=trending,"Quickly and Evenly Cook Turkey, Beef, Pork, ETC.","[""kitchen"",""camping"",""social innovations"",""food"",""design""]",The Core Cooker
null,Home,/explore/home,/projects/metto-magnets-for-plant-growth,2015-12-31T23:59:59-08:00,USD,2,9.09E-05,"https://c1.iggcdn.com/indiegogo-media-prod-cld/image/upload/c_fill,f_auto,h_273,w_273/r7ygglq2yl9woismynax.jpg",FALSE,FALSE,FALSE,FALSE,null,2015-12-01T14:48:32-08:00,null,null,null,null,null,1555716,campaign,https://www.indiegogo.com/explore/all?project_timing=all&sort=trending,"METTO - SMART, COMPACT MAGNETIC GADGET FOR PLANT GROWTH","[""other""]",Metto - Magnets For Plant Growth
null,Home,/explore/home,/projects/filapack-new-filament-every-month-to-your-door,2016-04-16T23:59:59-07:00,USD,1552,0.194,"https://c1.iggcdn.com/indiegogo-media-prod-cld/image/upload/c_fill,f_auto,h_273,w_273/pads0elpyczrzkus7wco.jpg",FALSE,FALSE,FALSE,FALSE,null,2016-03-17T14:32:05-07:00,null,null,null,null,null,1682841,campaign,https://www.indiegogo.com/explore/all?project_timing=all&sort=trending,Desktop 3D Printers Monthly Subscription to Filament Samples,"[""3d printers""]","Filapack: New filament, every month, to your door!"
null,Home,/explore/home,/projects/zero-ossigeno-lamps,2016-05-06T23:59:59-07:00,EUR,1500,0.15,"https://c1.iggcdn.com/indiegogo-media-prod-cld/image/upload/c_fill,f_auto,h_273,w_273/zsn8ww4qsu40bkxzk9tb.jpg",FALSE,FALSE,FALSE,FALSE,null,2016-03-21T04:30:23-07:00,null,null,null,null,null,1652744,campaign,https://www.indiegogo.com/explore/all?project_timing=all&sort=trending,Entirely handmade ceramic lamps that can be turned on and off with just a small wave of your hand.,"[""other""]",Zero Ossigeno Lamps
null,Home,/explore/home,/projects/table-inventions,2016-05-07T23:59:59-07:00,USD,95,0.003166667,"https://c1.iggcdn.com/indiegogo-media-prod-cld/image/upload/c_fill,f_auto,h_273,w_273/vvs9z2lu1mn3odjuvgvr.jpg",FALSE,FALSE,FALSE,FALSE,null,2016-03-08T20:45:13-08:00,null,null,null,null,null,1673010,campaign,https://www.indiegogo.com/explore/all?project_timing=all&sort=trending,Reinventing the Table,"[""furniture""]",Table Inventions
null,Home,/explore/home,/projects/gosbel-world-s-1st-smart-gospel-sharing-doorbell,2015-03-30T23:59:59-07:00,USD,250,0.005,"https://c1.iggcdn.com/indiegogo-media-prod-cld/image/upload/c_fill,f_auto,h_273,w_273/tanahek9kheq1bblcot6.jpg",FALSE,FALSE,FALSE,FALSE,null,2015-02-18T06:37:33-08:00,null,null,null,null,null,1071092,campaign,https://www.indiegogo.com/explore/all?project_timing=all&sort=trending,Gosbel - Share blessings to the world with the touch of a doorbell,"[""other""]",GOSBEL : World's 1st Smart Gospel Sharing Doorbell
null,Home,/explore/home,/projects/car-caddie,2015-12-06T23:59:59-08:00,USD,205,0.205,"https://c1.iggcdn.com/indiegogo-media-prod-cld/image/upload/c_fill,f_auto,h_273,w_273/accayx85atau5yflde0g.jpg",FALSE,FALSE,FALSE,FALSE,null,2015-10-07T08:18:56-07:00,null,null,null,null,null,1410003,campaign,https://www.indiegogo.com/explore/all?project_timing=all&sort=trending,"NO MORE DUST, LINT, OR PET HAIR. SIMPLE, EASY, COMPLETELY PORTABLE, AND MACHINE WASHABLE.","[""other""]",Car Caddie
null,Home,/explore/home,/projects/cristalight-modern-design-table-lamps,2019-03-15T23:59:59-07:00,EUR,609,0.203,"https://c1.iggcdn.com/indiegogo-media-prod-cld/image/upload/c_fill,f_auto,h_273,w_273/bapjue89lwbnnraxis39.jpg",FALSE,FALSE,FALSE,FALSE,null,2019-01-29T00:00:00-08:00,null,null,null,null,production,2463064,campaign,https://www.indiegogo.com/explore/all?project_timing=all&sort=trending,The modern led lamps designed for the traditional lighting bulb-nostalgics!,"[""3d"",""design"",""furniture""]",Cristalight - modern design table lamps
null,Home,/explore/home,/projects/establish-prototype-robotic-custom-framing-outlet,2017-03-09T23:59:59-08:00,USD,200,0.0016,"https://c1.iggcdn.com/indiegogo-media-prod-cld/image/upload/c_fill,f_auto,h_273,w_273/ux5bzxvwlu7eiiw8dqez.jpg",FALSE,FALSE,FALSE,FALSE,null,2017-01-08T23:35:16-08:00,null,null,null,null,null,1977459,campaign,https://www.indiegogo.com/explore/all?project_timing=all&sort=trending,Fund prototype unit for robotic equipped custom picture framing super store and national brand.,"[""other""]",Establish Prototype Robotic  Custom Framing Outlet
null,Home,/explore/home,/projects/recupkit-think-before-drink-recycle-coffee-cup--3,2017-04-05T23:59:59-07:00,USD,501,0.02505,"https://c1.iggcdn.com/indiegogo-media-prod-cld/image/upload/c_fill,f_auto,h_273,w_273/jdzxbbia0sjn1zysfkw9.jpg",FALSE,FALSE,FALSE,FALSE,null,2017-03-05T21:22:16-08:00,null,null,null,null,production,2027240,campaign,https://www.indiegogo.com/explore/all?project_timing=all&sort=trending,"""Please do not throw away disposable cup""  Protect the earth with recupkit by upcycling","[""coffee""]",recupkit - 'Think before drink' Recycle coffee cup
null,Home,/explore/home,/projects/one-note-at-a-time-film-keeping-the-music-alive,2017-01-25T23:59:59-08:00,GBP,450,0.011842105,"https://c1.iggcdn.com/indiegogo-media-prod-cld/image/upload/c_fill,f_auto,h_273,w_273/xthdzx4phw22bqqkgagw.jpg",FALSE,FALSE,FALSE,FALSE,null,2016-11-26T14:02:24-08:00,null,null,null,null,null,1967503,campaign,https://www.indiegogo.com/explore/all?project_timing=all&sort=trending,"Musicians went home after Hurricane Katrina to rebuild the scene, please help keep their music alive","[""documentary""]",One Note at a Time Film - Keeping the Music Alive!
null,Home,/explore/home,/projects/brushette-smart-electric-toothbrush-heads,2018-10-12T23:59:59-07:00,USD,1440,0.288,"https://c1.iggcdn.com/indiegogo-media-prod-cld/image/upload/c_fill,f_auto,h_273,w_273/v10c9x05sz6ho1yqxyqu.jpg",FALSE,FALSE,FALSE,FALSE,null,2018-09-12T00:00:00-07:00,null,null,null,null,prototype,2407537,campaign,https://www.indiegogo.com/explore/all?project_timing=all&sort=trending,Using an Oral-BÂ® Braun electric toothbrush? You will love our cheaper and more hygienic solution!,"[""family"",""beauty"",""kids"",""women"",""design""]",Brushette: smart electric toothbrush heads
null,Home,/explore/home,/projects/saveawatthour-app-for-smart-home-energy-savings,2015-03-09T23:59:59-07:00,USD,150,0.071428571,"https://c1.iggcdn.com/indiegogo-media-prod-cld/image/upload/c_fill,f_auto,h_273,w_273/zliscumbiobvpqeder2g.jpg",FALSE,FALSE,FALSE,FALSE,null,2015-01-08T07:26:33-08:00,null,null,null,null,null,1073060,campaign,https://www.indiegogo.com/explore/all?project_timing=all&sort=trending,Your smart way to optimize home energy consumption to reduce costs and help protect the environment.,"[""other""]",SaveAWattHour App for Smart Home Energy Savings
null,Home,/explore/home,/projects/walley-the-smart-clock,2015-06-09T23:59:59-07:00,USD,1029,0.0147,"https://c1.iggcdn.com/indiegogo-media-prod-cld/image/upload/c_fill,f_auto,h_273,w_273/b56dl6sirrowtu2odvzm.jpg",FALSE,FALSE,FALSE,FALSE,null,2015-05-05T06:46:31-07:00,null,null,null,null,null,1150359,campaign,https://www.indiegogo.com/explore/all?project_timing=all&sort=trending,"World's most revolutionary, versatile clock ever. A multifaceted wonder!","[""other""]",Walley: The Smart Clock
null,Home,/explore/home,/projects/ballast-blankets-weighted-blankets,2017-12-31T23:59:59-08:00,CAD,209,0.0209,"https://c1.iggcdn.com/indiegogo-media-prod-cld/image/upload/c_fill,f_auto,h_273,w_273/ohkr90jz53bjr7knwxeo.jpg",FALSE,FALSE,FALSE,FALSE,null,2017-11-27T23:47:39-08:00,null,null,null,null,prototype,2255734,campaign,https://www.indiegogo.com/explore/all?project_timing=all&sort=trending,"Designed for Toddlers, Children and Teens.
Naturally improve sleep and reduce anxiety.","[""kids"",""sleep""]",Ballast Blankets:  weighted blankets
null,Home,/explore/home,/projects/bigger-3d-printers,2016-04-25T23:59:59-07:00,USD,4020,0.1005,"https://c1.iggcdn.com/indiegogo-media-prod-cld/image/upload/c_fill,f_auto,h_273,w_273/k4knmzos4wsmhyji8cwm.jpg",FALSE,FALSE,FALSE,FALSE,null,2016-03-25T09:11:50-07:00,null,null,null,null,null,1667889,campaign,https://www.indiegogo.com/explore/all?project_timing=all&sort=trending,Want a bigger printer ? You can easily expand our printers. Reasonably priced LARGE print bed.,"[""other""]",bigger 3D printers
null,Home,/explore/home,/projects/kdl-blocks-imagine-build-play,2018-11-22T23:59:59-08:00,USD,165,0.00825,"https://c1.iggcdn.com/indiegogo-media-prod-cld/image/upload/c_fill,f_auto,h_273,w_273/kgufojyyoty7jsbucjr2.jpg",FALSE,FALSE,FALSE,FALSE,null,2018-10-23T00:00:00-07:00,null,null,null,null,null,2420938,campaign,https://www.indiegogo.com/explore/all?project_timing=all&sort=trending,Life-sized building blocks that integrate creative play and children's decor.,"[""furniture"",""family"",""toys"",""kids"",""design""]","KDL Blocks: Imagine, Build, Play!"
null,Home,/explore/home,/projects/spytrap-privacy-protection-electronic-earmuffs,2020-02-18T23:59:59-08:00,USD,643,0.007144444,"https://c1.iggcdn.com/indiegogo-media-prod-cld/image/upload/c_fill,f_auto,h_273,w_273/zi9iwd6jton8rmbkugsz.jpg",FALSE,FALSE,FALSE,FALSE,null,2019-12-20T00:00:00-08:00,null,null,null,null,concept,2526189,campaign,https://www.indiegogo.com/explore/all?project_timing=all&sort=trending,"Alexa is listening. Protect your Privacy.  Get SPYTRAP Electronic  ""EARMUFFS.""","[""security"",""smart home"",""iot"",""recording"",""family""]",SPYTRAP Privacy Protection - Electronic Earmuffs
null,Home,/explore/home,/projects/the-heated-razor-by-gillettelabs-sold-out,2018-10-18T23:59:59-07:00,USD,131924,4.92,"https://c1.iggcdn.com/indiegogo-media-prod-cld/image/upload/c_fill,f_auto,h_273,w_273/flkfeowi8tps57x3enx6.jpg",TRUE,FALSE,FALSE,FALSE,null,2018-09-18T00:00:00-07:00,492,1562,null,null,production,2393740,campaign,https://www.indiegogo.com/explore/all?project_timing=all&sort=trending,Experience the comfort of a hot towel with every stroke. Help us improve our latest innovation.,"[""beauty"",""design"",""hair"",""men"",""other""]",The Heated Razor by GilletteLabs - SOLD OUT
null,Home,/explore/home,/projects/h2know-iot-water-meter-save-money-avoid-disaster,2018-02-11T23:59:59-08:00,USD,9775,1.214666667,"https://c1.iggcdn.com/indiegogo-media-prod-cld/image/upload/c_fill,f_auto,h_273,w_273/nomgakkdw8ido2gnjsxd.jpg",TRUE,FALSE,FALSE,FALSE,null,2018-01-12T11:14:47-08:00,null,null,null,null,null,2302439,campaign,https://www.indiegogo.com/explore/all?project_timing=all&sort=trending,An affordable water meter + smartphone app to manage water consumption and protect your home.,"[""water"",""apps"",""social innovations"",""iot""]","H2know IoT Water Meter: Save Money, Avoid Disaster"
null,Home,/explore/home,/projects/controllerx-your-arduino-control-anything,2017-08-22T23:59:59-07:00,USD,132,0.002693878,"https://c1.iggcdn.com/indiegogo-media-prod-cld/image/upload/c_fill,f_auto,h_273,w_273/guefvswgdqpaom1fbhdj.jpg",FALSE,FALSE,FALSE,FALSE,null,2017-07-23T15:44:07-07:00,null,null,null,null,null,2156218,campaign,https://www.indiegogo.com/explore/all?project_timing=all&sort=trending,ControllerX Smart Switch + your Arduino - monitor and switch on/off wall powered devices.,"[""arduino""]",ControllerX & your Arduino - Control anything
null,Home,/explore/home,/projects/eios-thermosystem-revolutionizing-insulations,2018-09-09T23:59:59-07:00,USD,0,0,"https://c1.iggcdn.com/indiegogo-media-prod-cld/image/upload/c_fill,f_auto,h_273,w_273/rcedbtoqjouqo1x8lmvx.jpg",FALSE,FALSE,FALSE,FALSE,null,2018-07-11T08:00:06-07:00,null,null,null,null,null,2318152,campaign,https://www.indiegogo.com/explore/all?project_timing=all&sort=trending,"EIOS Thermosystem a Zero-Moisture Solution, Mold/Decay-Free, High Durability for Your property.","[""smart home"",""design"",""family"",""men"",""other""]",EIOS Thermosystem Revolutionizing Insulations
null,Home,/explore/home,/projects/the-bathroom-tree,2021-03-12T23:59:59-08:00,USD,280,0.014,"https://c1.iggcdn.com/indiegogo-media-prod-cld/image/upload/c_fill,f_auto,h_273,w_273/qyrfpfehonnyhbsfdtq3.jpg",FALSE,FALSE,FALSE,FALSE,null,2021-01-11T00:00:00-08:00,null,null,null,null,null,2642600,campaign,https://www.indiegogo.com/explore/all?project_timing=all&sort=trending,Instantly TRANSFORM your bathroom Interior with the NEW solution Decor Enthusiasts are RAVING about!,"[""furniture""]",The Bathroom Tree
null,Home,/explore/home,/projects/pookiie-lawn-inc-saas-monthly-pookiie-s,2021-08-23T23:59:59-07:00,USD,0,0,"https://c1.iggcdn.com/indiegogo-media-prod-cld/image/upload/c_fill,f_auto,h_273,w_273/rpor9hgth8m5tefnpha8.jpg",FALSE,FALSE,FALSE,FALSE,null,2021-08-01T00:00:00-07:00,null,null,null,null,null,2683691,campaign,https://www.indiegogo.com/explore/all?project_timing=all&sort=trending,(Black Owner) Donâ€™t read if â€œnot going to donate/ help. Pretty compendium lawn app help or notâ€?!,"[""apps"",""garden"",""mobile apps"",""beauty"",""adventure""]",POOKIIE LAWN INC. SaaS Monthly POOKIIEâ€™S
null,Home,/explore/home,/projects/portavac-portable-car-vacuum-with-strong-suction,2023-01-01T23:59:59-08:00,GBP,0,0,"https://c1.iggcdn.com/indiegogo-media-prod-cld/image/upload/c_fill,f_auto,h_273,w_273/b5eaxbnglbfuxcbnh5np.jpg",FALSE,FALSE,FALSE,FALSE,null,2022-12-02T00:00:00-08:00,null,null,null,null,prototype,2794571,campaign,https://www.indiegogo.com/explore/all?project_timing=all&sort=trending,Portable | Wireless | Car Vacuum | 4000pa | Super Suction | Mini & Compact | Long Lifespan|,"[""air purifiers"",""computers"",""cars"",""furniture""]",PortaVac: Portable Car Vacuum With Strong Suction
null,Home,/explore/home,/projects/babylook-wearable-that-reveals-your-baby-s-mind,2018-08-18T23:59:59-07:00,USD,1048,0.349333333,"https://c1.iggcdn.com/indiegogo-media-prod-cld/image/upload/c_fill,f_auto,h_273,w_273/rkefeirfsvnhbc3x8nlu.jpg",FALSE,FALSE,FALSE,FALSE,null,2018-07-19T19:00:05-07:00,null,null,null,null,concept,2386500,campaign,https://www.indiegogo.com/explore/all?project_timing=all&sort=trending,BabyLook is worldâ€™s first baby wearable with AI that monitors your babyâ€™s health & feelings,"[""babies"",""family"",""band"",""sensor"",""translation""]",BabyLook: Wearable that reveals your baby's mind
null,Home,/explore/home,/projects/samo-two-steps-to-juice-juicer-grinder-press,2018-06-03T23:59:59-07:00,EUR,1594,0.017711111,"https://c1.iggcdn.com/indiegogo-media-prod-cld/image/upload/c_fill,f_auto,h_273,w_273/ixhb1vtm7ktl4irnxd2z.jpg",FALSE,FALSE,FALSE,FALSE,null,2018-05-04T11:15:51-07:00,null,null,null,null,null,2369929,campaign,https://www.indiegogo.com/explore/all?project_timing=all&sort=trending,SAMO will change the way making own juice! Grind and press your fruits with Samo juicer in 2 steps!,"[""garden"",""design"",""kitchen"",""wine"",""other""]","SAMO Two steps to juice! - Juicer, Grinder, Press"
null,Home,/explore/home,/projects/polypropylene-cellar--3,2021-01-31T23:59:59-08:00,EUR,0,0,"https://c1.iggcdn.com/indiegogo-media-prod-cld/image/upload/c_fill,f_auto,h_273,w_273/cc30mny1mw3hru4vtmaw.jpg",FALSE,FALSE,FALSE,FALSE,null,2020-12-22T00:00:00-08:00,null,null,null,null,null,2649971,campaign,https://www.indiegogo.com/explore/all?project_timing=all&sort=trending,Cellar made from polypropylene,"[""beer"",""wine"",""food"",""bottles"",""crypto""]",Polypropylene cellar
null,Home,/explore/home,/projects/rated-worktops-kitchen-revolution-now,2024-01-16T23:59:59-08:00,GBP,0,0,"https://c1.iggcdn.com/indiegogo-media-prod-cld/image/upload/c_fill,f_auto,h_273,w_273/zvuhcniq1vbdoz278ums.jpg",FALSE,FALSE,FALSE,FALSE,null,2023-11-17T00:00:00-08:00,null,null,null,null,null,2874658,campaign,https://www.indiegogo.com/explore/all?project_timing=all&sort=trending,Rated Worktops: Transforming Kitchens with Transparency and Innovation!,"[""design"",""first-time founders"",""family"",""social innovations""]",Rated Worktops: Kitchen Revolution Now
null,Home,/explore/home,/projects/k5j-world-s-first-transformer-portable-projector,2019-05-28T23:59:59-07:00,USD,4873,0.9746,"https://c1.iggcdn.com/indiegogo-media-prod-cld/image/upload/c_fill,f_auto,h_273,w_273/jpapbtitfh7ms3wsldlb.jpg",FALSE,FALSE,FALSE,FALSE,null,2019-03-29T00:00:00-07:00,null,null,null,null,prototype,2468353,campaign,https://www.indiegogo.com/explore/all?project_timing=all&sort=trending,"Dual Play Mode. Portable. Durable. Auto Keystone. 150"". Support 1080p. Hi-Fi Stereo. 6000mAh Battery","[""projectors"",""bluetooth"",""wireless"",""apps"",""speakers""]",K5J - World's First Transformer Portable Projector
null,Home,/explore/home,/projects/miryam-s-tool-company-start-up,2021-10-07T23:59:59-07:00,USD,130,0.00325,"https://c1.iggcdn.com/indiegogo-media-prod-cld/image/upload/c_fill,f_auto,h_273,w_273/l4pzcrr4babzqczgqdeo.jpg",FALSE,FALSE,FALSE,FALSE,null,2021-08-08T00:00:00-07:00,null,null,null,null,null,2693794,campaign,https://www.indiegogo.com/explore/all?project_timing=all&sort=trending,Tool Company Start Up Funds,"[""other"",""first-time founders""]",Miryam's Tool Company Start Up
null,Home,/explore/home,/projects/spin-on-a-revolutionary-lamp,2021-01-15T23:59:59-08:00,HKD,0,0,"https://c1.iggcdn.com/indiegogo-media-prod-cld/image/upload/c_fill,f_auto,h_273,w_273/cag4boxe76igyuzfs0pm.jpg",FALSE,FALSE,FALSE,FALSE,null,2020-12-16T00:00:00-08:00,null,null,null,null,null,2649370,campaign,https://www.indiegogo.com/explore/all?project_timing=all&sort=trending,A simple twist to brighten up your day.,"[""smart home"",""design"",""toys"",""kids"",""other""]",Spin On - A Revolutionary Lamp
null,Home,/explore/home,/projects/pura-a-smart-water-fountain-for-cats,2015-08-07T23:59:59-07:00,USD,56458,0.56458,"https://c1.iggcdn.com/indiegogo-media-prod-cld/image/upload/c_fill,f_auto,h_273,w_273/obbhtfnrdizhkyloof7u.jpg",FALSE,FALSE,FALSE,FALSE,null,2015-06-23T09:55:46-07:00,null,null,null,null,null,1307599,campaign,https://www.indiegogo.com/explore/all?project_timing=all&sort=trending,Does Your Cat Drink Enough Water?,"[""other""]",Pura: A Smart Water Fountain For Cats
